<?xml version="1.0" encoding="UTF-8"?>
<project-private xmlns="http://www.netbeans.org/ns/project-private/1">
    <editor-bookmarks xmlns="http://www.netbeans.org/ns/editor-bookmarks/2" lastBookmarkId="0"/>
    <open-files xmlns="http://www.netbeans.org/ns/projectui-open-files/2">
        <group>
            <file>file:/C:/Users/walxa/OneDrive/Documents/NetBeansProjects/HospitalManagementSystem2/src/hospitalmanagementsystem/PrescribeMedicineView.java</file>
            <file>file:/C:/Users/walxa/OneDrive/Documents/NetBeansProjects/HospitalManagementSystem2/src/hospitalmanagementsystem/HosiptalMenu.java</file>
            <file>file:/C:/Users/walxa/OneDrive/Documents/NetBeansProjects/HospitalManagementSystem2/src/hospitalmanagementsystem/addMedicalRecordView.java</file>
            <file>file:/C:/Users/walxa/OneDrive/Documents/NetBeansProjects/HospitalManagementSystem2/src/hospitalmanagementsystem/ViewmyAppointments.java</file>
            <file>file:/C:/Users/walxa/OneDrive/Documents/NetBeansProjects/HospitalManagementSystem2/src/hospitalmanagementsystem/Viewmedicalrecord.java</file>
            <file>file:/C:/Users/walxa/OneDrive/Documents/NetBeansProjects/HospitalManagementSystem2/src/hospitalmanagementsystem/ScheduleAppointment.java</file>
        </group>
    </open-files>
</project-private>
